Country,Unnamed: 1,Unnamed: 2,Unnamed: 3,Unnamed: 4,Unnamed: 5,Unnamed: 6,Unnamed: 7,Unnamed: 8
Iran,,,,,,,,
Japan,,,,,,,,
Saudi Arabia,,,,,,,,
Malaysia,,,,,,,,
USA,,,,,,,,
UK,,,,,,,,
Iran,,,,,,,,
USA,,,,Row Labels,Count of Country,,,
USA,,,,USA,40,,,
Spain,,,,India,22,,,"Wrong Study Design (not AI), 14; Not Primary Research, 12;  Wrong Population (not Prehospital), 12; not peer reviewed, 4; Unable to locate, 3; Not English language, 3"
Spain,,,,Japan,22,,,
Japan,,,,China,15,,,
Hong Kong,,,,South Korea,12,,,
USA,,,,Spain,12,,,
China,,,,Iran,7,,,
Germany,,,,Singapore,7,,,
Spain,,,,Sweden,7,,,
USA,,,,UK,7,,,
Japan,,,,Germany,7,,,
South Korea,,,,Taiwan,7,,,
UK,,,,Canada,6,,,
USA,,,,Tunisia,5,,,
India,,,,Italy,4,,,
Sweden,,,,Malaysia,4,,,
South Africa,,,,Denmark,4,,,
Singapore,,,,Saudi Arabia,3,,,
Malaysia,,,,Finland,3,,,
Mexico,,,,Bulgaria,3,,,
Taiwan,,,,France,3,,,
Malaysia,,,,Norway,3,,,
India,,,,Australia,3,,,
USA,,,,Netherlands,3,,,
Netherlands,,,,Columbia,2,,,
India,,,,Mexico,2,,,
Lithuania,,,,Iraq,2,,,
Canada,,,,South Africa,2,,,
Iran,,,,Morocco,2,,,
Germany,,,,Greece,2,,,
Colombia,,,,Hong Kong,2,,,
China,,,,Korea,2,,,
India,,,,Russia,1,,,
Brazil,,,,Switzerland,1,,,
China,,,,Colombia,1,,,
Spain,,,,Israel,1,,,
Canada,,,,Qatar,1,,,
India,,,,Cameroon,1,,,
India,,,,Turkey,1,,,
USA,,,,Pakistan,1,,,
India,,,,Brazil,1,,,
Greece,,,,Portugal,1,,,
South Korea,,,,Lithuania,1,,,
USA,,,,(blank),,,,
Denmark,,,,Grand Total,236,,,
USA,,,,,,,,
Taiwan,,,,,,,,
Tunisia,,,,,,,,
India,,,,,,,,
India,,,,,,,,
Norway,,,,,,,,
Norway,,,,,,,,
USA,,,,,,,,
South Korea,,,,,,,,
Tunisia,,,,,,,,
USA,,,,,,,,
USA,,,,,,,,
Iran,,,,,,,,
Singapore,,,,,,,,
Spain,,,,,,,,
China,,,,,,,,
Japan,,,,,,,,
India,,,,,,,,
USA,,,,,,,,
China,,,,,,,,
Israel,,,,,,,,
USA,,,,,,,,
Mexico,,,,,,,,
Spain,,,,,,,,
Spain,,,,,,,,
Portugal,,,,,,,,
USA,,,,,,,,
India,,,,,,,,
USA,,,,,,,,
Bulgaria,,,,,,,,
Spain,,,,,,,,
South Korea,,,,,,,,
Taiwan,,,,,,,,
South Korea,,,,,,,,
India,,,,,,,,
USA,,,,,,,,
China,,,,,,,,
India,,,,,,,,
South Korea,,,,,,,,
Italy,,,,,,,,
South Korea,,,,,,,,
Finland,,,,,,,,
Netherlands,,,,,,,,
Japan,,,,,,,,
Singapore,,,,,,,,
Singapore,,,,,,,,
USA,,,,,,,,
Japan,,,,,,,,
South Korea,,,,,,,,
Japan,,,,,,,,
Korea,,,,,,,,
Australia,,,,,,,,
China,,,,,,,,
Iraq,,,,,,,,
Canada,,,,,,,,
China,,,,,,,,
Netherlands,,,,,,,,
Sweden,,,,,,,,
Korea,,,,,,,,
Japan,,,,,,,,
Taiwan,,,,,,,,
Denmark,,,,,,,,
Japan,,,,,,,,
Japan,,,,,,,,
Japan,,,,,,,,
China,,,,,,,,
India,,,,,,,,
India,,,,,,,,
Iraq,,,,,,,,
China,,,,,,,,
Qatar,,,,,,,,
USA,,,,,,,,
UK,,,,,,,,
USA,,,,,,,,
USA,,,,,,,,
Saudi Arabia,,,,,,,,
South Korea,,,,,,,,
Italy,,,,,,,,
Germany,,,,,,,,
Italy,,,,,,,,
Bulgaria,,,,,,,,
Pakistan,,,,,,,,
Italy,,,,,,,,
Morocco,,,,,,,,
Tunisia,,,,,,,,
Saudi Arabia,,,,,,,,
USA,,,,,,,,
USA,,,,,,,,
USA,,,,,,,,
South Korea,,,,,,,,
USA,,,,,,,,
Sweden,,,,,,,,
USA,,,,,,,,
USA,,,,,,,,
USA,,,,,,,,
India,,,,,,,,
Japan,,,,,,,,
Germany,,,,,,,,
USA,,,,,,,,
Japan,,,,,,,,
Singapore,,,,,,,,
Japan,,,,,,,,
Australia,,,,,,,,
Australia,,,,,,,,
USA,,,,,,,,
Denmark,,,,,,,,
Sweden,,,,,,,,
UK,,,,,,,,
Germany,,,,,,,,
Germany,,,,,,,,
Finland,,,,,,,,
Taiwan,,,,,,,,
Japan,,,,,,,,
Spain,,,,,,,,
Japan,,,,,,,,
Canada,,,,,,,,
France,,,,,,,,
Taiwan,,,,,,,,
Iran,,,,,,,,
Columbia,,,,,,,,
Germany,,,,,,,,
Spain,,,,,,,,
USA,,,,,,,,
UK,,,,,,,,
Spain,,,,,,,,
Sweden,,,,,,,,
India,,,,,,,,
India,,,,,,,,
China,,,,,,,,
Bulgaria,,,,,,,,
China,,,,,,,,
China,,,,,,,,
Russia,,,,,,,,
India,,,,,,,,
France,,,,,,,,
Japan,,,,,,,,
China,,,,,,,,
Singapore,,,,,,,,
USA,,,,,,,,
Japan,,,,,,,,
Sweden,,,,,,,,
Hong Kong,,,,,,,,
Canada,,,,,,,,
Japan,,,,,,,,
Singapore,,,,,,,,
Sweden,,,,,,,,
Canada,,,,,,,,
Japan,,,,,,,,
USA,,,,,,,,
South Korea,,,,,,,,
France,,,,,,,,
USA,,,,,,,,
Greece,,,,,,,,
Spain,,,,,,,,
Cameroon,,,,,,,,
Iran,,,,,,,,
Morocco,,,,,,,,
India,,,,,,,,
South Korea,,,,,,,,
USA,,,,,,,,
Malaysia,,,,,,,,
Switzerland,,,,,,,,
Tunisia,,,,,,,,
Japan,,,,,,,,
India,,,,,,,,
Iran,,,,,,,,
USA,,,,,,,,
USA,,,,,,,,
USA,,,,,,,,
UK,,,,,,,,
Tunisia,,,,,,,,
India,,,,,,,,
Turkey,,,,,,,,
UK,,,,,,,,
South Africa,,,,,,,,
China,,,,,,,,
USA,,,,,,,,
Columbia,,,,,,,,
Taiwan,,,,,,,,
Norway,,,,,,,,
Finland,,,,,,,,
Japan,,,,,,,,
Denmark,,,,,,,,
