Unnamed: 0,Unnamed: 1,Unnamed: 2,Unnamed: 3,Unnamed: 4,Unnamed: 5,Unnamed: 6,Unnamed: 7,Unnamed: 8
,,,,,,,,
Count of Level,Column Labels,,,,,,,
Row Labels,1. Classical Machine Learning,2. Deep Learning,3. Evolutionary,4. Natural Language,5. Ensemble / Proprietary,(blank),Grand Total,
A. System level,14,17,11,,4,,46,Leanne
B. Dispatch Zone,5,3,13,2,9,,32,Charlotte L
C. Response Zone,10,21,8,,4,,43,Jamie
D. On Scene Zone,35,21,3,3,13,,75,Mike
E. Onward prognosis,9,4,,,6,,19,Charlotte C
F. Inferential analysis,8,6,,6,1,,21,Leanne
(blank),,,,,,,,
Grand Total,81,72,35,11,37,,236,
